model,train_rmse,test_rmse,cv_rmse,train_r2,test_r2,cv_r2,gap_rmse,gap_r2
linear_regression,0.19601328967561646,0.19630825342373784,0.1974019290666496,0.9542382758666188,0.9533977379675411,0.9532733721820877,0.0002949637481213796,0.0008405378990776757
xgboost,0.18111941044613508,0.20279012874534363,0.20425608750066604,0.9609283874632815,0.9502694226606105,0.9499874329675299,0.021670718299208552,0.010658964802670923
