mean_abs_diff_lr_vs_xgb,max_abs_diff_lr_vs_xgb,prediction_correlation,share_lr_better,share_xgb_better
0.045301668945863544,0.18667141678619048,0.9979089986096626,0.5427974947807933,0.4572025052192067
