model,test_roc_auc,test_avg_precision,test_accuracy,test_precision,test_recall,test_f1,test_brier,cv_roc_auc,cv_avg_precision,cv_f1,cv_accuracy
logistic_regression,0.9871165386713668,0.9706506043511746,0.9311064718162839,0.8417721518987342,0.9432624113475178,0.8896321070234113,0.04766179485184344,0.9876409422498842,0.9724248063956837,0.8946840659288853,0.9335322018500888
xgboost_classifier,0.9871060472533468,0.9715295057183136,0.9478079331941545,0.9142857142857143,0.9078014184397163,0.9110320284697508,0.041934926325711976,0.9867477906938049,0.9709566812238961,0.9012994952587727,0.9418899205981779
hist_gradient_boosting_classifier,0.9853749632800368,0.9669404774675927,0.9331941544885177,0.8657718120805369,0.9148936170212766,0.8896551724137931,0.048032950390251954,0.9829609782758533,0.96220819655829,0.8880370333835221,0.9339444973401699
random_forest_classifier,0.9793109236644426,0.9518624368426513,0.8997912317327766,0.7627118644067796,0.9574468085106383,0.8490566037735849,0.08449449195592798,0.9792588684815499,0.9533794605441062,0.8554584288898676,0.9076099964186197
