variable,grupo,n,positive_rate_real,positive_rate_pred,mean_probability,accuracy,precision,recall,f1,false_positive_rate,false_negative_rate
Gender,0,240,0.31666666666666665,0.29583333333333334,0.3201034577788049,0.9375,0.9295774647887324,0.868421052631579,0.8979591836734694,0.03048780487804878,0.13157894736842105
Gender,1,239,0.2719665271966527,0.28870292887029286,0.2827680261599454,0.9581589958158996,0.8985507246376812,0.9538461538461539,0.9253731343283582,0.040229885057471264,0.046153846153846156
Ethnicity,0,248,0.25806451612903225,0.2620967741935484,0.270417145483406,0.9637096774193549,0.9230769230769231,0.9375,0.9302325581395349,0.02717391304347826,0.0625
Ethnicity,1,87,0.3218390804597701,0.3218390804597701,0.3258118848613298,0.9310344827586207,0.8928571428571429,0.8928571428571429,0.8928571428571429,0.05084745762711865,0.10714285714285714
Ethnicity,2,98,0.30612244897959184,0.30612244897959184,0.31788898750979305,0.9387755102040817,0.9,0.9,0.9,0.04411764705882353,0.1
Ethnicity,3,46,0.41304347826086957,0.3695652173913043,0.3879169843556535,0.9130434782608695,0.9411764705882353,0.8421052631578947,0.8888888888888888,0.037037037037037035,0.15789473684210525
