model,train_mae,train_rmse,train_r2,test_mae,test_rmse,test_r2,cv_mae,cv_rmse,cv_r2
linear_regression,0.15910503696480374,0.19601328967561646,0.9542382758666188,0.1550560560078522,0.19630825342373784,0.9533977379675411,0.15920923252183522,0.1974019290666496,0.9532733721820877
xgboost,0.14582932442509175,0.18111941044613508,0.9609283874632815,0.15836097102328994,0.20279012874534363,0.9502694226606105,0.16342497281430676,0.20425608750066604,0.9499874329675299
svr_rbf,0.08837031004297406,0.09741979272783784,0.9886961666486135,0.20244741839651892,0.2520017067783046,0.9232043105549038,0.20018107736332863,0.24910341993214438,0.9256629370565085
random_forest,0.07306520483311008,0.09119776004376587,0.9900939689065318,0.1963675205982804,0.2529338368548725,0.9226351401062332,0.1960724289516869,0.24602053097215498,0.9274816781650342
