model,rmse_base,rmse_without_absences,delta_rmse,r2_base,r2_without_absences,delta_r2
linear_regression,0.19630825342373784,0.8691839832017099,0.672875729777972,0.9533977379675411,0.0864058523809963,-0.8669918855865448
random_forest,0.2529338368548725,0.9278442932695355,0.6749104564146631,0.9226351401062332,-0.041070358025730114,-0.9637054981319633
xgboost,0.21171492000327133,0.9398222508469826,0.7281073308437113,0.9457958162594752,-0.06812314353044457,-1.0139189597899199
svr_rbf,0.2520017067783046,1.0753435846082284,0.8233418778299239,0.9232043105549038,-0.3983773349083757,-1.3215816454632794
