{
  "dataset_rows": 2392,
  "dataset_columns": 15,
  "target": "GPA",
  "good_performance_threshold_gpa_equivalent": 2.4,
  "good_performance_threshold_10": 6.0,
  "mexican_scale_factor": 2.5,
  "acceptable_zone": "medio",
  "advice_features": [
    "Age",
    "StudyTimeWeekly",
    "Absences",
    "ParentalEducation",
    "Tutoring",
    "ParentalSupport",
    "Extracurricular",
    "Sports",
    "Music",
    "Volunteering"
  ],
  "actionable_features": [
    "StudyTimeWeekly",
    "Absences",
    "Tutoring",
    "ParentalSupport",
    "Extracurricular",
    "Sports",
    "Music",
    "Volunteering"
  ],
  "excluded_from_advice": [
    "StudentID",
    "GradeClass",
    "Gender",
    "Ethnicity"
  ],
  "best_regression_model": "linear_regression",
  "regression_metrics": [
    {
      "model": "linear_regression",
      "train_mae": 0.15910503696480374,
      "train_rmse": 0.19601328967561646,
      "train_r2": 0.9542382758666188,
      "test_mae": 0.1550560560078522,
      "test_rmse": 0.19630825342373784,
      "test_r2": 0.9533977379675411,
      "cv_mae": 0.15920923252183522,
      "cv_rmse": 0.1974019290666496,
      "cv_r2": 0.9532733721820877
    },
    {
      "model": "xgboost",
      "train_mae": 0.14582932442509175,
      "train_rmse": 0.18111941044613508,
      "train_r2": 0.9609283874632815,
      "test_mae": 0.15836097102328994,
      "test_rmse": 0.20279012874534363,
      "test_r2": 0.9502694226606105,
      "cv_mae": 0.16342497281430676,
      "cv_rmse": 0.20425608750066604,
      "cv_r2": 0.9499874329675299
    },
    {
      "model": "svr_rbf",
      "train_mae": 0.08837031004297406,
      "train_rmse": 0.09741979272783784,
      "train_r2": 0.9886961666486135,
      "test_mae": 0.20244741839651892,
      "test_rmse": 0.2520017067783046,
      "test_r2": 0.9232043105549038,
      "cv_mae": 0.20018107736332863,
      "cv_rmse": 0.24910341993214438,
      "cv_r2": 0.9256629370565085
    },
    {
      "model": "random_forest",
      "train_mae": 0.07306520483311005,
      "train_rmse": 0.09119776004376587,
      "train_r2": 0.9900939689065318,
      "test_mae": 0.1963675205982804,
      "test_rmse": 0.2529338368548725,
      "test_r2": 0.9226351401062332,
      "cv_mae": 0.1960724289516869,
      "cv_rmse": 0.24602053097215504,
      "cv_r2": 0.9274816781650342
    }
  ],
  "classifier_metrics": [
    {
      "model": "logistic_regression_calibrated",
      "test_roc_auc": 0.9912568738378763,
      "test_avg_precision": 0.9840747773242127,
      "test_accuracy": 0.9394572025052192,
      "test_precision": 0.8950617283950617,
      "test_recall": 0.9235668789808917,
      "test_f1": 0.9090909090909091,
      "test_brier": 0.03843630889411008,
      "cv_roc_auc": 0.9882009268766245,
      "cv_avg_precision": 0.9775569078341346,
      "cv_f1": 0.9065600829043188,
      "cv_accuracy": 0.9356207580297167,
      "base_test_roc_auc": 0.9913557779799818,
      "base_test_avg_precision": 0.984267565271642,
      "base_test_accuracy": 0.9290187891440501,
      "base_test_f1": 0.8975903614457831
    }
  ],
  "top_features": [
    {
      "feature": "Absences",
      "importance_mean": 1.0055982937604124,
      "importance_std": 0.03555225176131059
    },
    {
      "feature": "ParentalSupport",
      "importance_mean": 0.12247280971180707,
      "importance_std": 0.007383416444589084
    },
    {
      "feature": "StudyTimeWeekly",
      "importance_mean": 0.10126177815609791,
      "importance_std": 0.005802581944647558
    },
    {
      "feature": "Tutoring",
      "importance_mean": 0.051886815355044594,
      "importance_std": 0.00406526219178613
    },
    {
      "feature": "Sports",
      "importance_mean": 0.041345964410453746,
      "importance_std": 0.0038188257608900798
    },
    {
      "feature": "Extracurricular",
      "importance_mean": 0.04001303156053846,
      "importance_std": 0.004217173648228745
    },
    {
      "feature": "Music",
      "importance_mean": 0.011940737456586734,
      "importance_std": 0.0032847175563936364
    },
    {
      "feature": "ParentalEducation",
      "importance_mean": 0.0005403764116015452,
      "importance_std": 0.0003732762884460018
    }
  ]
}